{
	"start":	{
		"connected":	[{
				"socket":	5,
				"local_host":	"10.10.0.3",
				"local_port":	59382,
				"remote_host":	"10.10.0.1",
				"remote_port":	11111
			}],
		"version":	"iperf 3.12",
		"system_info":	"Linux pi 6.6.62+rpt-rpi-v8 #1 SMP PREEMPT Debian 1:6.6.62-1+rpt1 (2024-11-25) aarch64",
		"timestamp":	{
			"time":	"Tue, 21 Jan 2025 03:20:30 GMT",
			"timesecs":	1737429630
		},
		"connecting_to":	{
			"host":	"10.10.0.1",
			"port":	11111
		},
		"cookie":	"cqfl757rzhgyasixnygwuck2ird4ivr3ny5b",
		"tcp_mss_default":	1448,
		"target_bitrate":	0,
		"sock_bufsize":	0,
		"sndbuf_actual":	16384,
		"rcvbuf_actual":	131072,
		"test_start":	{
			"protocol":	"TCP",
			"num_streams":	1,
			"blksize":	131072,
			"omit":	0,
			"duration":	30,
			"bytes":	0,
			"blocks":	0,
			"reverse":	0,
			"tos":	0,
			"target_bitrate":	0
		}
	},
	"intervals":	[{
			"streams":	[{
					"socket":	5,
					"start":	0,
					"end":	5.000222,
					"seconds":	5.0002222061157227,
					"bytes":	24297440,
					"bits_per_second":	38874176.384052753,
					"retransmits":	13,
					"snd_cwnd":	204168,
					"snd_wnd":	579328,
					"rtt":	50684,
					"rttvar":	6049,
					"pmtu":	1500,
					"omitted":	false,
					"sender":	true
				}],
			"sum":	{
				"start":	0,
				"end":	5.000222,
				"seconds":	5.0002222061157227,
				"bytes":	24297440,
				"bits_per_second":	38874176.384052753,
				"retransmits":	13,
				"omitted":	false,
				"sender":	true
			}
		}, {
			"streams":	[{
					"socket":	5,
					"start":	5.000222,
					"end":	10.000164,
					"seconds":	4.9999418258667,
					"bytes":	26780760,
					"bits_per_second":	42849714.549001217,
					"retransmits":	0,
					"snd_cwnd":	286704,
					"snd_wnd":	691968,
					"rtt":	36248,
					"rttvar":	4598,
					"pmtu":	1500,
					"omitted":	false,
					"sender":	true
				}],
			"sum":	{
				"start":	5.000222,
				"end":	10.000164,
				"seconds":	4.9999418258667,
				"bytes":	26780760,
				"bits_per_second":	42849714.549001217,
				"retransmits":	0,
				"omitted":	false,
				"sender":	true
			}
		}, {
			"streams":	[{
					"socket":	5,
					"start":	10.000164,
					"end":	15.000263,
					"seconds":	5.0000991821289062,
					"bytes":	29006792,
					"bits_per_second":	46409946.5925389,
					"retransmits":	0,
					"snd_cwnd":	776128,
					"snd_wnd":	1015808,
					"rtt":	70871,
					"rttvar":	7320,
					"pmtu":	1500,
					"omitted":	false,
					"sender":	true
				}],
			"sum":	{
				"start":	10.000164,
				"end":	15.000263,
				"seconds":	5.0000991821289062,
				"bytes":	29006792,
				"bits_per_second":	46409946.5925389,
				"retransmits":	0,
				"omitted":	false,
				"sender":	true
			}
		}, {
			"streams":	[{
					"socket":	5,
					"start":	15.000263,
					"end":	20.000204,
					"seconds":	4.9999408721923828,
					"bytes":	27525120,
					"bits_per_second":	44040712.806158826,
					"retransmits":	0,
					"snd_cwnd":	1508816,
					"snd_wnd":	1297024,
					"rtt":	64271,
					"rttvar":	17117,
					"pmtu":	1500,
					"omitted":	false,
					"sender":	true
				}],
			"sum":	{
				"start":	15.000263,
				"end":	20.000204,
				"seconds":	4.9999408721923828,
				"bytes":	27525120,
				"bits_per_second":	44040712.806158826,
				"retransmits":	0,
				"omitted":	false,
				"sender":	true
			}
		}, {
			"streams":	[{
					"socket":	5,
					"start":	20.000204,
					"end":	25.000143,
					"seconds":	4.99993896484375,
					"bytes":	28835840,
					"bits_per_second":	46137907.206875086,
					"retransmits":	0,
					"snd_cwnd":	2421056,
					"snd_wnd":	1520128,
					"rtt":	62663,
					"rttvar":	5943,
					"pmtu":	1500,
					"omitted":	false,
					"sender":	true
				}],
			"sum":	{
				"start":	20.000204,
				"end":	25.000143,
				"seconds":	4.99993896484375,
				"bytes":	28835840,
				"bits_per_second":	46137907.206875086,
				"retransmits":	0,
				"omitted":	false,
				"sender":	true
			}
		}, {
			"streams":	[{
					"socket":	5,
					"start":	25.000143,
					"end":	30.000147,
					"seconds":	5.0000038146972656,
					"bytes":	27525120,
					"bits_per_second":	44040158.400025636,
					"retransmits":	0,
					"snd_cwnd":	4622016,
					"snd_wnd":	3930880,
					"rtt":	384236,
					"rttvar":	14741,
					"pmtu":	1500,
					"omitted":	false,
					"sender":	true
				}],
			"sum":	{
				"start":	25.000143,
				"end":	30.000147,
				"seconds":	5.0000038146972656,
				"bytes":	27525120,
				"bits_per_second":	44040158.400025636,
				"retransmits":	0,
				"omitted":	false,
				"sender":	true
			}
		}],
	"end":	{
		"streams":	[{
				"sender":	{
					"socket":	5,
					"start":	0,
					"end":	30.000147,
					"seconds":	30.000147,
					"bytes":	163971072,
					"bits_per_second":	43725404.945515767,
					"retransmits":	13,
					"max_snd_cwnd":	4622016,
					"max_snd_wnd":	3930880,
					"max_rtt":	384236,
					"min_rtt":	36248,
					"mean_rtt":	111495,
					"sender":	true
				},
				"receiver":	{
					"socket":	5,
					"start":	0,
					"end":	30.025736,
					"seconds":	30.000147,
					"bytes":	162478512,
					"bits_per_second":	43290465.7524465,
					"sender":	true
				}
			}],
		"sum_sent":	{
			"start":	0,
			"end":	30.000147,
			"seconds":	30.000147,
			"bytes":	163971072,
			"bits_per_second":	43725404.945515767,
			"retransmits":	13,
			"sender":	true
		},
		"sum_received":	{
			"start":	0,
			"end":	30.025736,
			"seconds":	30.025736,
			"bytes":	162478512,
			"bits_per_second":	43290465.7524465,
			"sender":	true
		},
		"cpu_utilization_percent":	{
			"host_total":	0.51466147082655,
			"host_user":	0.013904817559565937,
			"host_system":	0.500763315853261,
			"remote_total":	7.6168605558518552,
			"remote_user":	0.34210449014141586,
			"remote_system":	7.2747527352539549
		},
		"sender_tcp_congestion":	"cubic",
		"receiver_tcp_congestion":	"cubic"
	}
}
